{"inputUnits":[63],"outputUnits":3,"inputs":{"0":{"dtype":"number","min":0.05537964403629303,"max":0.8196874260902405},"1":{"dtype":"number","min":0.4016105532646179,"max":0.8638973236083984},"2":{"dtype":"number","min":-9.36973549414688e-7,"max":2.0023394142754114e-7},"3":{"dtype":"number","min":0.050914786756038666,"max":0.7713249325752258},"4":{"dtype":"number","min":0.4562612771987915,"max":0.8236323595046997},"5":{"dtype":"number","min":-0.043352849781513214,"max":0.025040797889232635},"6":{"dtype":"number","min":0.03283603489398956,"max":0.7585987448692322},"7":{"dtype":"number","min":0.3647564649581909,"max":0.7442154288291931},"8":{"dtype":"number","min":-0.08235882222652435,"max":0.03451044484972954},"9":{"dtype":"number","min":0.05014236271381378,"max":0.7509406805038452},"10":{"dtype":"number","min":0.2907939553260803,"max":0.7095972299575806},"11":{"dtype":"number","min":-0.12059992551803589,"max":0.03850039094686508},"12":{"dtype":"number","min":0.08127416670322418,"max":0.77351313829422},"13":{"dtype":"number","min":0.20556652545928955,"max":0.6653138399124146},"14":{"dtype":"number","min":-0.15512408316135406,"max":0.03974400833249092},"15":{"dtype":"number","min":0.016865164041519165,"max":0.8604281544685364},"16":{"dtype":"number","min":0.3204147517681122,"max":0.6158367395401001},"17":{"dtype":"number","min":-0.13002052903175354,"max":0.024574846029281616},"18":{"dtype":"number","min":0.07591147720813751,"max":0.7853304147720337},"19":{"dtype":"number","min":0.32787877321243286,"max":0.6388064622879028},"20":{"dtype":"number","min":-0.16531716287136078,"max":0.021011989563703537},"21":{"dtype":"number","min":0.09739704430103302,"max":0.751545250415802},"22":{"dtype":"number","min":0.2913239598274231,"max":0.6605521440505981},"23":{"dtype":"number","min":-0.16771523654460907,"max":0.028370073065161705},"24":{"dtype":"number","min":0.05447773635387421,"max":0.7636047005653381},"25":{"dtype":"number","min":0.234986811876297,"max":0.6574817299842834},"26":{"dtype":"number","min":-0.18005043268203735,"max":0.030235501006245613},"27":{"dtype":"number","min":0.022715382277965546,"max":0.8741167187690735},"28":{"dtype":"number","min":0.2957584857940674,"max":0.6955639719963074},"29":{"dtype":"number","min":-0.1339174062013626,"max":0.01360855158418417},"30":{"dtype":"number","min":0.11357042193412781,"max":0.7919740676879883},"31":{"dtype":"number","min":0.33460721373558044,"max":0.7044007778167725},"32":{"dtype":"number","min":-0.16621644794940948,"max":0.01949632726609707},"33":{"dtype":"number","min":0.1267949491739273,"max":0.755479633808136},"34":{"dtype":"number","min":0.37217259407043457,"max":0.7227519750595093},"35":{"dtype":"number","min":-0.15137836337089539,"max":0.030883220955729485},"36":{"dtype":"number","min":0.12101063132286072,"max":0.7587479948997498},"37":{"dtype":"number","min":0.40538090467453003,"max":0.7238468527793884},"38":{"dtype":"number","min":-0.1454707235097885,"max":0.0332927331328392},"39":{"dtype":"number","min":0.02401921898126602,"max":0.8692958354949951},"40":{"dtype":"number","min":0.30279573798179626,"max":0.7766638398170471},"41":{"dtype":"number","min":-0.13601569831371307,"max":-0.0012587679084390402},"42":{"dtype":"number","min":0.12729515135288239,"max":0.7886877059936523},"43":{"dtype":"number","min":0.35960614681243896,"max":0.7756766676902771},"44":{"dtype":"number","min":-0.15235258638858795,"max":0.012203017249703407},"45":{"dtype":"number","min":0.13574574887752533,"max":0.7566177845001221},"46":{"dtype":"number","min":0.4013369679450989,"max":0.7910206317901611},"47":{"dtype":"number","min":-0.12871141731739044,"max":0.020377224311232567},"48":{"dtype":"number","min":0.11749454587697983,"max":0.7669227123260498},"49":{"dtype":"number","min":0.42514440417289734,"max":0.7929838299751282},"50":{"dtype":"number","min":-0.11811954528093338,"max":0.01943155750632286},"51":{"dtype":"number","min":0.021885991096496582,"max":0.8554840087890625},"52":{"dtype":"number","min":0.3257410526275635,"max":0.8543519377708435},"53":{"dtype":"number","min":-0.14216077327728271,"max":-0.0068084727972745895},"54":{"dtype":"number","min":0.08865766227245331,"max":0.8117541074752808},"55":{"dtype":"number","min":0.36739450693130493,"max":0.8437990546226501},"56":{"dtype":"number","min":-0.15633074939250946,"max":0.007468194700777531},"57":{"dtype":"number","min":0.10274088382720947,"max":0.7691002488136292},"58":{"dtype":"number","min":0.37694376707077026,"max":0.8528342247009277},"59":{"dtype":"number","min":-0.15069963037967682,"max":0.021115625277161598},"60":{"dtype":"number","min":0.10682253539562225,"max":0.7811356782913208},"61":{"dtype":"number","min":0.3810599446296692,"max":0.8547673225402832},"62":{"dtype":"number","min":-0.1481522172689438,"max":0.028888247907161713}},"outputs":{"label":{"dtype":"string","min":0,"max":1,"uniqueValues":["fist","thumbsUp","point"],"legend":{"fist":[1,0,0],"thumbsUp":[0,1,0],"point":[0,0,1]}}},"isNormalized":true}